[{"tags": ["change", "deep-thoughts", "thinking", "world"], "author": "Albert Einstein", "quote": "\u201cThe world as we have created it is a process of our thinking. It cannot be changed without changing our thinking.\u201d"}, {"tags": ["abilities", "choices"], "author": "J.K. Rowling", "quote": "\u201cIt is our choices, Harry, that show what we truly are, far more than our abilities.\u201d"}, {"tags": ["inspirational", "life", "live", "miracle", "miracles"], "author": "Albert Einstein", "quote": "\u201cThere are only two ways to live your life. One is as though nothing is a miracle. The other is as though everything is a miracle.\u201d"}, {"tags": ["aliteracy", "books", "classic", "humor"], "author": "Jane Austen", "quote": "\u201cThe person, be it gentleman or lady, who has not pleasure in a good novel, must be intolerably stupid.\u201d"}, {"tags": ["be-yourself", "inspirational"], "author": "Marilyn Monroe", "quote": "\u201cImperfection is beauty, madness is genius and it's better to be absolutely ridiculous than absolutely boring.\u201d"}, {"tags": ["adulthood", "success", "value"], "author": "Albert Einstein", "quote": "\u201cTry not to become a man of success. Rather become a man of value.\u201d"}, {"tags": ["life", "love"], "author": "Andr\u00e9 Gide", "quote": "\u201cIt is better to be hated for what you are than to be loved for what you are not.\u201d"}, {"tags": ["edison", "failure", "inspirational", "paraphrased"], "author": "Thomas A. Edison", "quote": "\u201cI have not failed. I've just found 10,000 ways that won't work.\u201d"}, {"tags": ["misattributed-eleanor-roosevelt"], "author": "Eleanor Roosevelt", "quote": "\u201cA woman is like a tea bag; you never know how strong it is until it's in hot water.\u201d"}, {"tags": ["humor", "obvious", "simile"], "author": "Steve Martin", "quote": "\u201cA day without sunshine is like, you know, night.\u201d"}, {"tags": ["friends", "heartbreak", "inspirational", "life", "love", "sisters"], "author": "Marilyn Monroe", "quote": "\u201cThis life is what you make it. No matter what, you're going to mess up sometimes, it's a universal truth. But the good part is you get to decide how you're going to mess it up. Girls will be your friends - they'll act like it anyway. But just remember, some come, some go. The ones that stay with you through everything - they're your true best friends. Don't let go of them. Also remember, sisters make the best friends in the world. As for lovers, well, they'll come and go too. And baby, I hate to say it, most of them - actually pretty much all of them are going to break your heart, but you can't give up because if you give up, you'll never find your soulmate. You'll never find that half who makes you whole and that goes for everything. Just because you fail once, doesn't mean you're gonna fail at everything. Keep trying, hold on, and always, always, always believe in yourself, because if you don't, then who will, sweetie? So keep your head high, keep your chin up, and most importantly, keep smiling, because life's a beautiful thing and there's so much to smile about.\u201d"}, {"tags": ["courage", "friends"], "author": "J.K. Rowling", "quote": "\u201cIt takes a great deal of bravery to stand up to our enemies, but just as much to stand up to our friends.\u201d"}, {"tags": ["simplicity", "understand"], "author": "Albert Einstein", "quote": "\u201cIf you can't explain it to a six year old, you don't understand it yourself.\u201d"}, {"tags": ["love"], "author": "Bob Marley", "quote": "\u201cYou may not be her first, her last, or her only. She loved before she may love again. But if she loves you now, what else matters? She's not perfect\u2014you aren't either, and the two of you may never be perfect together but if she can make you laugh, cause you to think twice, and admit to being human and making mistakes, hold onto her and give her the most you can. She may not be thinking about you every second of the day, but she will give you a part of her that she knows you can break\u2014her heart. So don't hurt her, don't change her, don't analyze and don't expect more than she can give. Smile when she makes you happy, let her know when she makes you mad, and miss her when she's not there.\u201d"}, {"tags": ["fantasy"], "author": "Dr. Seuss", "quote": "\u201cI like nonsense, it wakes up the brain cells. Fantasy is a necessary ingredient in living.\u201d"}, {"tags": ["life", "navigation"], "author": "Douglas Adams", "quote": "\u201cI may not have gone where I intended to go, but I think I have ended up where I needed to be.\u201d"}, {"tags": ["activism", "apathy", "hate", "indifference", "inspirational", "love", "opposite", "philosophy"], "author": "Elie Wiesel", "quote": "\u201cThe opposite of love is not hate, it's indifference. The opposite of art is not ugliness, it's indifference. The opposite of faith is not heresy, it's indifference. And the opposite of life is not death, it's indifference.\u201d"}, {"tags": ["friendship", "lack-of-friendship", "lack-of-love", "love", "marriage", "unhappy-marriage"], "author": "Friedrich Nietzsche", "quote": "\u201cIt is not a lack of love, but a lack of friendship that makes unhappy marriages.\u201d"}, {"tags": ["books", "contentment", "friends", "friendship", "life"], "author": "Mark Twain", "quote": "\u201cGood friends, good books, and a sleepy conscience: this is the ideal life.\u201d"}, {"tags": ["fate", "life", "misattributed-john-lennon", "planning", "plans"], "author": "Allen Saunders", "quote": "\u201cLife is what happens to us while we are making other plans.\u201d"}, {"tags": ["love", "poetry"], "author": "Pablo Neruda", "quote": "\u201cI love you without knowing how, or when, or from where. I love you simply, without problems or pride: I love you in this way because I do not know any other way of loving but this, in which there is no I or you, so intimate that your hand upon my chest is my hand, so intimate that when I fall asleep your eyes close.\u201d"}, {"tags": ["happiness"], "author": "Ralph Waldo Emerson", "quote": "\u201cFor every minute you are angry you lose sixty seconds of happiness.\u201d"}, {"tags": ["attributed-no-source"], "author": "Mother Teresa", "quote": "\u201cIf you judge people, you have no time to love them.\u201d"}, {"tags": ["humor", "religion"], "author": "Garrison Keillor", "quote": "\u201cAnyone who thinks sitting in church can make you a Christian must also think that sitting in a garage can make you a car.\u201d"}, {"tags": ["humor"], "author": "Jim Henson", "quote": "\u201cBeauty is in the eye of the beholder and it may be necessary from time to time to give a stupid or misinformed beholder a black eye.\u201d"}, {"tags": ["comedy", "life", "yourself"], "author": "Dr. Seuss", "quote": "\u201cToday you are You, that is truer than true. There is no one alive who is Youer than You.\u201d"}, {"tags": ["children", "fairy-tales"], "author": "Albert Einstein", "quote": "\u201cIf you want your children to be intelligent, read them fairy tales. If you want them to be more intelligent, read them more fairy tales.\u201d"}, {"tags": [""], "author": "J.K. Rowling", "quote": "\u201cIt is impossible to live without failing at something, unless you live so cautiously that you might as well not have lived at all - in which case, you fail by default.\u201d"}, {"tags": ["imagination"], "author": "Albert Einstein", "quote": "\u201cLogic will get you from A to Z; imagination will get you everywhere.\u201d"}, {"tags": ["music"], "author": "Bob Marley", "quote": "\u201cOne good thing about music, when it hits you, you feel no pain.\u201d"}, {"tags": ["learning", "reading", "seuss"], "author": "Dr. Seuss", "quote": "\u201cThe more that you read, the more things you will know. The more that you learn, the more places you'll go.\u201d"}, {"tags": ["dumbledore"], "author": "J.K. Rowling", "quote": "\u201cOf course it is happening inside your head, Harry, but why on earth should that mean that it is not real?\u201d"}, {"tags": ["friendship"], "author": "Bob Marley", "quote": "\u201cThe truth is, everyone is going to hurt you. You just got to find the ones worth suffering for.\u201d"}, {"tags": ["misattributed-to-mother-teresa", "paraphrased"], "author": "Mother Teresa", "quote": "\u201cNot all of us can do great things. But we can do small things with great love.\u201d"}, {"tags": ["death", "inspirational"], "author": "J.K. Rowling", "quote": "\u201cTo the well-organized mind, death is but the next great adventure.\u201d"}, {"tags": ["chocolate", "food", "humor"], "author": "Charles M. Schulz", "quote": "\u201cAll you need is love. But a little chocolate now and then doesn't hurt.\u201d"}, {"tags": ["misattributed-to-c-s-lewis", "reading"], "author": "William Nicholson", "quote": "\u201cWe read to know we're not alone.\u201d"}, {"tags": ["knowledge", "learning", "understanding", "wisdom"], "author": "Albert Einstein", "quote": "\u201cAny fool can know. The point is to understand.\u201d"}, {"tags": ["books", "library"], "author": "Jorge Luis Borges", "quote": "\u201cI have always imagined that Paradise will be a kind of library.\u201d"}, {"tags": ["inspirational"], "author": "George Eliot", "quote": "\u201cIt is never too late to be what you might have been.\u201d"}, {"tags": ["read", "readers", "reading", "reading-books"], "author": "George R.R. Martin", "quote": "\u201cA reader lives a thousand lives before he dies, said Jojen. The man who never reads lives only one.\u201d"}, {"tags": ["books", "inspirational", "reading", "tea"], "author": "C.S. Lewis", "quote": "\u201cYou can never get a cup of tea large enough or a book long enough to suit me.\u201d"}, {"tags": [""], "author": "Marilyn Monroe", "quote": "\u201cYou believe lies so you eventually learn to trust no one but yourself.\u201d"}, {"tags": ["girls", "love"], "author": "Marilyn Monroe", "quote": "\u201cIf you can make a woman laugh, you can make her do anything.\u201d"}, {"tags": ["life", "simile"], "author": "Albert Einstein", "quote": "\u201cLife is like riding a bicycle. To keep your balance, you must keep moving.\u201d"}, {"tags": ["love"], "author": "Marilyn Monroe", "quote": "\u201cThe real lover is the man who can thrill you by kissing your forehead or smiling into your eyes or just staring into space.\u201d"}, {"tags": ["attributed-no-source"], "author": "Marilyn Monroe", "quote": "\u201cA wise girl kisses but doesn't love, listens but doesn't believe, and leaves before she is left.\u201d"}, {"tags": ["hope", "inspirational"], "author": "Martin Luther King Jr.", "quote": "\u201cOnly in the darkness can you see the stars.\u201d"}, {"tags": ["dumbledore"], "author": "J.K. Rowling", "quote": "\u201cIt matters not what someone is born, but what they grow to be.\u201d"}, {"tags": ["love"], "author": "James Baldwin", "quote": "\u201cLove does not begin and end the way we seem to think it does. Love is a battle, love is a war; love is a growing up.\u201d"}, {"tags": ["friendship", "love"], "author": "Jane Austen", "quote": "\u201cThere is nothing I would not do for those who are really my friends. I have no notion of loving people by halves, it is not my nature.\u201d"}, {"tags": ["attributed", "fear", "inspiration"], "author": "Eleanor Roosevelt", "quote": "\u201cDo one thing every day that scares you.\u201d"}, {"tags": ["attributed-no-source"], "author": "Marilyn Monroe", "quote": "\u201cI am good, but not an angel. I do sin, but I am not the devil. I am just a small girl in a big world trying to find someone to love.\u201d"}, {"tags": ["music"], "author": "Albert Einstein", "quote": "\u201cIf I were not a physicist, I would probably be a musician. I often think in music. I live my daydreams in music. I see my life in terms of music.\u201d"}, {"tags": ["books", "thought"], "author": "Haruki Murakami", "quote": "\u201cIf you only read the books that everyone else is reading, you can only think what everyone else is thinking.\u201d"}, {"tags": ["misattributed-to-einstein"], "author": "Alexandre Dumas fils", "quote": "\u201cThe difference between genius and stupidity is: genius has its limits.\u201d"}, {"tags": ["drug", "romance", "simile"], "author": "Stephenie Meyer", "quote": "\u201cHe's like a drug for you, Bella.\u201d"}, {"tags": ["books", "friends", "novelist-quotes"], "author": "Ernest Hemingway", "quote": "\u201cThere is no friend as loyal as a book.\u201d"}, {"tags": ["inspirational"], "author": "Helen Keller", "quote": "\u201cWhen one door of happiness closes, another opens; but often we look so long at the closed door that we do not see the one which has been opened for us.\u201d"}, {"tags": ["inspirational", "life", "yourself"], "author": "George Bernard Shaw", "quote": "\u201cLife isn't about finding yourself. Life is about creating yourself.\u201d"}, {"tags": ["alcohol"], "author": "Charles Bukowski", "quote": "\u201cThat's the problem with drinking, I thought, as I poured myself a drink. If something bad happens you drink in an attempt to forget; if something good happens you drink in order to celebrate; and if nothing happens you drink to make something happen.\u201d"}, {"tags": ["the-hunger-games"], "author": "Suzanne Collins", "quote": "\u201cYou don\u2019t forget the face of the person who was your last hope.\u201d"}, {"tags": ["humor"], "author": "Suzanne Collins", "quote": "\u201cRemember, we're madly in love, so it's all right to kiss me anytime you feel like it.\u201d"}, {"tags": ["love"], "author": "C.S. Lewis", "quote": "\u201cTo love at all is to be vulnerable. Love anything and your heart will be wrung and possibly broken. If you want to make sure of keeping it intact you must give it to no one, not even an animal. Wrap it carefully round with hobbies and little luxuries; avoid all entanglements. Lock it up safe in the casket or coffin of your selfishness. But in that casket, safe, dark, motionless, airless, it will change. It will not be broken; it will become unbreakable, impenetrable, irredeemable. To love is to be vulnerable.\u201d"}, {"tags": ["bilbo", "journey", "lost", "quest", "travel", "wander"], "author": "J.R.R. Tolkien", "quote": "\u201cNot all those who wander are lost.\u201d"}, {"tags": ["live-death-love"], "author": "J.K. Rowling", "quote": "\u201cDo not pity the dead, Harry. Pity the living, and, above all those who live without love.\u201d"}, {"tags": ["good", "writing"], "author": "Ernest Hemingway", "quote": "\u201cThere is nothing to writing. All you do is sit down at a typewriter and bleed.\u201d"}, {"tags": ["life", "regrets"], "author": "Ralph Waldo Emerson", "quote": "\u201cFinish each day and be done with it. You have done what you could. Some blunders and absurdities no doubt crept in; forget them as soon as you can. Tomorrow is a new day. You shall begin it serenely and with too high a spirit to be encumbered with your old nonsense.\u201d"}, {"tags": ["education"], "author": "Mark Twain", "quote": "\u201cI have never let my schooling interfere with my education.\u201d"}, {"tags": ["troubles"], "author": "Dr. Seuss", "quote": "\u201cI have heard there are troubles of more than one kind. Some come from ahead and some come from behind. But I've bought a big bat. I'm all ready you see. Now my troubles are going to have troubles with me!\u201d"}, {"tags": ["friendship", "love"], "author": "Alfred Tennyson", "quote": "\u201cIf I had a flower for every time I thought of you...I could walk through my garden forever.\u201d"}, {"tags": ["humor"], "author": "Charles Bukowski", "quote": "\u201cSome people never go crazy. What truly horrible lives they must lead.\u201d"}, {"tags": ["humor", "open-mind", "thinking"], "author": "Terry Pratchett", "quote": "\u201cThe trouble with having an open mind, of course, is that people will insist on coming along and trying to put things in it.\u201d"}, {"tags": ["humor", "philosophy"], "author": "Dr. Seuss", "quote": "\u201cThink left and think right and think low and think high. Oh, the thinks you can think up if only you try!\u201d"}, {"tags": ["authors", "books", "literature", "reading", "writing"], "author": "J.D. Salinger", "quote": "\u201cWhat really knocks me out is a book that, when you're all done reading it, you wish the author that wrote it was a terrific friend of yours and you could call him up on the phone whenever you felt like it. That doesn't happen much, though.\u201d"}, {"tags": ["humor", "insanity", "lies", "lying", "self-indulgence", "truth"], "author": "George Carlin", "quote": "\u201cThe reason I talk to myself is because I\u2019m the only one whose answers I accept.\u201d"}, {"tags": ["beatles", "connection", "dreamers", "dreaming", "dreams", "hope", "inspirational", "peace"], "author": "John Lennon", "quote": "\u201cYou may say I'm a dreamer, but I'm not the only one. I hope someday you'll join us. And the world will live as one.\u201d"}, {"tags": ["humor", "sinister"], "author": "W.C. Fields", "quote": "\u201cI am free of all prejudice. I hate everyone equally. \u201d"}, {"tags": [""], "author": "Ayn Rand", "quote": "\u201cThe question isn't who is going to let me; it's who is going to stop me.\u201d"}, {"tags": ["books", "classic", "reading"], "author": "Mark Twain", "quote": "\u201c\u2032Classic\u2032 - a book which people praise and don't read.\u201d"}, {"tags": ["mistakes"], "author": "Albert Einstein", "quote": "\u201cAnyone who has never made a mistake has never tried anything new.\u201d"}, {"tags": ["humor", "love", "romantic", "women"], "author": "Jane Austen", "quote": "\u201cA lady's imagination is very rapid; it jumps from admiration to love, from love to matrimony in a moment.\u201d"}, {"tags": ["integrity"], "author": "J.K. Rowling", "quote": "\u201cRemember, if the time should come when you have to make a choice between what is right and what is easy, remember what happened to a boy who was good, and kind, and brave, because he strayed across the path of Lord Voldemort. Remember Cedric Diggory.\u201d"}, {"tags": ["books", "library", "reading"], "author": "Jane Austen", "quote": "\u201cI declare after all there is no enjoyment like reading! How much sooner one tires of any thing than of a book! -- When I have a house of my own, I shall be miserable if I have not an excellent library.\u201d"}, {"tags": ["elizabeth-bennet", "jane-austen"], "author": "Jane Austen", "quote": "\u201cThere are few people whom I really love, and still fewer of whom I think well. The more I see of the world, the more am I dissatisfied with it; and every day confirms my belief of the inconsistency of all human characters, and of the little dependence that can be placed on the appearance of merit or sense.\u201d"}, {"tags": ["age", "fairytales", "growing-up"], "author": "C.S. Lewis", "quote": "\u201cSome day you will be old enough to start reading fairy tales again.\u201d"}, {"tags": ["god"], "author": "C.S. Lewis", "quote": "\u201cWe are not necessarily doubting that God will do the best for us; we are wondering how painful the best will turn out to be.\u201d"}, {"tags": ["death", "life"], "author": "Mark Twain", "quote": "\u201cThe fear of death follows from the fear of life. A man who lives fully is prepared to die at any time.\u201d"}, {"tags": ["misattributed-mark-twain", "truth"], "author": "Mark Twain", "quote": "\u201cA lie can travel half way around the world while the truth is putting on its shoes.\u201d"}, {"tags": ["christianity", "faith", "religion", "sun"], "author": "C.S. Lewis", "quote": "\u201cI believe in Christianity as I believe that the sun has risen: not only because I see it, but because by it I see everything else.\u201d"}, {"tags": ["truth"], "author": "J.K. Rowling", "quote": "\u201cThe truth.\" Dumbledore sighed. \"It is a beautiful and terrible thing, and should therefore be treated with great caution.\u201d"}, {"tags": ["death", "life"], "author": "Jimi Hendrix", "quote": "\u201cI'm the one that's got to die when it's time for me to die, so let me live my life the way I want to.\u201d"}, {"tags": ["adventure", "love"], "author": "J.M. Barrie", "quote": "\u201cTo die will be an awfully big adventure.\u201d"}, {"tags": ["courage"], "author": "E.E. Cummings", "quote": "\u201cIt takes courage to grow up and become who you really are.\u201d"}, {"tags": ["life"], "author": "Khaled Hosseini", "quote": "\u201cBut better to get hurt by the truth than comforted with a lie.\u201d"}, {"tags": ["better-life-empathy"], "author": "Harper Lee", "quote": "\u201cYou never really understand a person until you consider things from his point of view... Until you climb inside of his skin and walk around in it.\u201d"}, {"tags": ["books", "children", "difficult", "grown-ups", "write", "writers", "writing"], "author": "Madeleine L'Engle", "quote": "\u201cYou have to write the book that wants to be written. And if the book will be too difficult for grown-ups, then you write it for children.\u201d"}, {"tags": ["truth"], "author": "Mark Twain", "quote": "\u201cNever tell the truth to people who are not worthy of it.\u201d"}, {"tags": ["inspirational"], "author": "Dr. Seuss", "quote": "\u201cA person's a person, no matter how small.\u201d"}, {"tags": ["books", "mind"], "author": "George R.R. Martin", "quote": "\u201c... a mind needs books as a sword needs a whetstone, if it is to keep its edge.\u201d"}]